NO_TESTS	5	tests/legacy_test_html_browser_v26_17.py
NO_TESTS	5	tests/legacy_test_v26_16_release.py
NO_TESTS	5	tests/legacy_test_v26_18_charts_delivery_persistence.py
NO_TESTS	5	tests/legacy_test_warehouse_v26_17.py
NO_TESTS	5	tests/test_studio.py
NO_TESTS	5	tests/test_v26_20_runtime_and_grain.py
PASS	0	tests/legacy_test_v26_16_hardening.py
PASS	0	tests/test_opus_rc4_warehouse_reset.py
PASS	0	tests/test_personalization_v27_1.py
PASS	0	tests/test_population_cashflow_v29_7_4.py
PASS	0	tests/test_process_cockpit_v28.py
PASS	0	tests/test_process_integrity_v29_7_5.py
PASS	0	tests/test_rc4_financial_accuracy_hardening.py
PASS	0	tests/test_rc4_performance_hardening.py
PASS	0	tests/test_rc_integrity.py
PASS	0	tests/test_report_builder.py
PASS	0	tests/test_report_composer_tab_isolation_v284.py
PASS	0	tests/test_report_composer_v28.py
PASS	0	tests/test_rules_and_moghavemat.py
PASS	0	tests/test_runtime_v27_2_1.py
PASS	0	tests/test_sap_semantic_dwh_v29_7_6.py
PASS	0	tests/test_source_roadmap.py
PASS	0	tests/test_studio_v26_12.py
PASS	0	tests/test_supply_views.py
PASS	0	tests/test_system_health.py
PASS	0	tests/test_v26_20_2_engine_hardening.py
PASS	0	tests/test_v26_20_case_action_inventory.py
PASS	0	tests/test_v27_audience_and_voice.py
PASS	0	tests/test_v29_4_1_runtime_diagnostics.py
PASS	0	tests/test_v29_4_2_diagnose_business_semantics.py
PASS	0	tests/test_v29_4_3_relation_health_contract.py
PASS	0	tests/test_v29_4_4_streamlit_load_performance.py
PASS	0	tests/test_v29_4_5_import_license_continuity.py
PASS	0	tests/test_v29_4_7_multi_pr_and_chatbot.py
PASS	0	tests/test_v29_4_8_sqlite_reader_isolation.py
PASS	0	tests/test_v29_4_9_material_text_search.py
PASS	0	tests/test_v29_4_resilience_editorial.py
PASS	0	tests/test_v29_business_dwh.py
PASS	0	tests/test_v29_reliability_gate.py
PASS	0	tests/test_validation.py
PASS	0	tests/test_warehouse_v28.py
