timestamp,ret,equity,drawdown,benchmark_equity,active_ret
2024-05-11,0.0,100000000.0,0.0,100000000.0,0.0
2024-05-12,0.0,100000000.0,0.0,96792050.86003041,0.0320794913996959
2024-05-13,0.0,100000000.0,0.0,99232608.05106145,-0.025214438265806605
2024-05-14,0.0,100000000.0,0.0,102338397.25586855,-0.03129807092451875
2024-05-15,0.0,100000000.0,0.0,96071897.2782833,0.06123312603692266
2024-05-16,0.0,100000000.0,0.0,92183892.16874005,0.04046974421959415
2024-05-17,0.0,100000000.0,0.0,92671627.26943474,-0.005290892901353095
2024-05-18,0.0,100000000.0,0.0,91845018.32153775,0.008919762954994637
2024-05-19,0.0,100000000.0,0.0,91905853.05972186,-0.0006623629598627723
2024-05-20,0.0,100000000.0,0.0,89507348.72783944,0.026097405682354413
2024-05-21,0.0,100000000.0,0.0,92133560.14492415,-0.029340735195610534
2024-05-22,0.0,100000000.0,0.0,94537264.09911661,-0.02608934193372625
2024-05-23,0.0,100000000.0,0.0,94850464.38384333,-0.0033129823219588683
2024-05-24,0.0,100000000.0,0.0,98385704.20361665,-0.03727171862297696
2024-05-25,0.0,100000000.0,0.0,99975646.59615655,-0.016160298952065277
2024-05-26,0.0,100000000.0,0.0,97346551.14512937,0.026297358812263583
2024-05-27,0.0,100000000.0,0.0,98612058.7525033,-0.01300002509063991
2024-05-28,0.0,100000000.0,0.0,95704556.82717584,0.029484243226527984
2024-05-29,0.0,100000000.0,0.0,98509696.5923704,-0.029310409641832624
2024-05-30,0.0,100000000.0,0.0,98470526.26529396,0.0003976291515599417
2024-05-31,0.0,100000000.0,0.0,98006179.08161397,0.004715595633448366
2024-06-01,0.0,100000000.0,0.0,95988256.80464585,0.020589745420926175
2024-06-02,0.0,100000000.0,0.0,99858630.29588145,-0.04032132283756895
2024-06-03,0.0,100000000.0,0.0,99484665.37480538,0.0037449434262017967
2024-06-04,0.0,100000000.0,0.0,98240461.37137944,0.012506490309219465
2024-06-05,0.0,100000000.0,0.0,97251349.5261673,0.010068273615623347
2024-06-06,0.0,100000000.0,0.0,99024620.31872633,-0.018233893937707135
2024-06-07,0.0,100000000.0,0.0,100301464.57419313,-0.012894210059650524
2024-06-08,0.0,100000000.0,0.0,101746552.26514168,-0.014407443571071932
2024-06-09,0.0,100000000.0,0.0,103271353.78224261,-0.014986272096251918
2024-06-10,0.0,100000000.0,0.0,110472746.51290564,-0.06973272322785506
2024-06-11,0.0,100000000.0,0.0,109168584.75003001,0.01180528052430796
2024-06-12,0.0,100000000.0,0.0,107510121.01073062,0.015191767330289041
2024-06-13,0.0,100000000.0,0.0,104839491.41229033,0.024840727303932053
2024-06-14,0.0,100000000.0,0.0,107031825.82224913,-0.020911341522415805
2024-06-15,0.0,100000000.0,0.0,111027014.91860054,-0.03732711336706851
2024-06-16,0.0,100000000.0,0.0,110755407.46191135,0.002446318644956036
2024-06-17,0.0,100000000.0,0.0,107910654.01685771,0.025685007262800652
2024-06-18,0.0,100000000.0,0.0,105193096.97096257,0.025183398902119625
2024-06-19,0.0,100000000.0,0.0,107509340.53431183,-0.022018969210390482
2024-06-20,0.0,100000000.0,0.0,110195368.24840768,-0.02498413347851014
2024-06-21,0.0,100000000.0,0.0,112242901.39787653,-0.01858093658576654
2024-06-22,0.0,100000000.0,0.0,109987233.18500887,0.020096310633238246
2024-06-23,0.0,100000000.0,0.0,110936330.87528461,-0.008629162338134932
2024-06-24,0.0,100000000.0,0.0,111483684.7293361,-0.004933945892503289
2024-06-25,0.0,100000000.0,0.0,112397631.88930371,-0.008198035095328349
2024-06-26,0.0,100000000.0,0.0,115666798.039621,-0.029085720894341804
2024-06-27,0.0,100000000.0,0.0,116633200.79511428,-0.008355057560789803
2024-06-28,0.0,100000000.0,0.0,119307044.2176457,-0.0229252340183006
2024-06-29,0.0,100000000.0,0.0,119708217.75972125,-0.003362530223644633
2024-06-30,0.009139051131286102,100913905.1131286,0.0,120959386.59501499,-0.0013127696267933864
2024-07-01,0.02110057837273782,103043246.87686719,0.0,123548065.42891572,-0.0003006448540954221
2024-07-02,-0.04574133763220867,98329910.93075338,-0.04574133763220863,117935402.0651375,-0.00031235139682728175
2024-07-03,-0.009335125101482933,97411988.91099712,-0.054649461624585734,116870506.83786368,-0.0003056461780494013
2024-07-04,-0.014164811954272216,96032166.4059812,-0.06804017423154347,115251625.34975329,-0.0003128870169027964
2024-07-05,-0.019568062632267957,94153002.95903657,-0.08627682247293822,113033712.56705306,-0.0003239714884810674
2024-07-06,-0.007916916102793659,93407601.5337838,-0.09351069221059805,112174141.81764682,-0.0003123640635396274
2024-07-07,0.048829079876774095,97968608.7701748,-0.04924765339310776,117674951.0648029,-0.00020904208272654046
2024-07-08,-0.026862116354050336,95336964.60234593,-0.0747868735515485,114555788.7126539,-0.0003555206518665033
2024-07-09,0.03196242116430237,98384164.8174923,-0.04521482193726205,118242756.15842485,-0.00022248618262499242
2024-07-10,-0.05309224535418611,93160728.60003532,-0.09590651087150916,112017058.34416528,-0.00044041266248018296
2024-07-11,-0.009847002255729986,92243374.69536532,-0.10480912149834823,110951068.06401816,-0.0003306812961851868
2024-07-12,0.00612908893086761,92808742.54215656,-0.0993224169939101,111662053.39062594,-0.00027900915249245983
2024-07-13,0.01973234520362399,94640076.68791266,-0.08154993600886824,113890729.11111124,-0.0002267693998729836
2024-07-14,0.023752681105098317,96888032.2492427,-0.05973428452792978,116619465.62559049,-0.00020656944827290857
2024-07-15,0.02639625463401596,99445513.41948245,-0.034914791278693805,119720040.36432695,-0.00019085689238163006
2024-07-16,-0.01030383944786395,98420842.81539771,-0.04485887432286639,118527724.26154381,-0.00034463713591403877
2024-07-17,-0.013960542419634736,97046834.46429715,-0.05819316252461971,116916309.34528883,-0.0003652850543686137
2024-07-18,0.028498730157052954,99812546.01229134,-0.031352863603341365,120266572.86990665,-0.00015649804317607874
2024-07-19,-0.005249070636030417,99288622.9079108,-0.036437360843675964,119674652.26043203,-0.00032733223981873394
2024-07-20,-0.04014353048051511,95302827.0478387,-0.07511816701853347,114932907.6947012,-0.0005215681337016331
2024-07-21,-0.03558080253663076,91911875.97746688,-0.10802620488756413,110902763.35165812,-0.000515611688519324
2024-07-22,-0.02871172630214014,89272927.35048561,-0.13363631236151358,107772813.09047763,-0.000489253150088742
2024-07-23,0.016929055439730334,90784233.686869,-0.11896959346251244,109616713.64842074,-0.00018008836999006128
2024-07-24,0.005497468827245555,91283317.18156794,-0.11412615626671709,110247845.42086323,-0.00026015472701246267
2024-07-25,0.023169702796603353,93398324.51095293,-0.09360072259213237,112816127.55794854,-0.00012582853356524204
2024-07-26,-0.012870545996463645,92196237.07934208,-0.10526657618317169,111409075.26146373,-0.0003984613136944759
2024-07-27,0.006021615203038788,92751407.34220202,-0.09987883579564927,112107974.48378053,-0.0002516549114162103
2024-07-28,0.02109370348208328,94707878.02622434,-0.0808919468599752,114486781.55473511,-0.00012518912487147205
2024-07-29,-0.009075533468242525,93848353.50949112,-0.0892333427571787,113490850.82163553,-0.0003764441971947363
2024-07-30,0.015654314946686787,95317485.1925567,-0.07497591466175839,115285913.77365014,-0.00016249265515044797
2024-07-31,-0.02046484566635476,93366827.56878597,-0.09390638980586649,112982313.28725526,-0.00048321555222186063
2024-08-01,-0.010819920196872279,92356605.94545656,-0.10371025035906294,111805294.83335169,-0.0004021971067899033
2024-08-02,-0.011428150479907195,91301140.7548984,-0.11395318449155786,110573691.01795025,-0.0004125378719608275
2024-08-03,-0.03775403484652051,87854154.30531089,-0.14740502683991213,106475070.53586371,-0.0006871661876712842
2024-08-04,-0.000707867466672063,87791965.20766617,-0.1480085510836603,108262054.35620818,-0.01749098685181072
2024-08-05,0.0,87791965.20766617,-0.1480085510836603,106765778.04799694,0.0138208748864872
2024-08-06,0.0,87791965.20766617,-0.1480085510836603,106936583.19947807,-0.0015998117992859218
2024-08-07,0.0,87791965.20766617,-0.1480085510836603,108710008.06213228,-0.01658389308498931
2024-08-08,0.0,87791965.20766617,-0.1480085510836603,110393817.1196855,-0.015488997632957968
2024-08-09,0.0,87791965.20766617,-0.1480085510836603,112876830.56532045,-0.022492323487129262
2024-08-10,0.0,87791965.20766617,-0.1480085510836603,112656547.42285919,0.0019515355043016047
2024-08-11,0.0,87791965.20766617,-0.1480085510836603,111265740.83609244,0.01234554598541282
2024-08-12,0.0,87791965.20766617,-0.1480085510836603,111115422.73966764,0.0013509827490048032
2024-08-13,0.0,87791965.20766617,-0.1480085510836603,105249117.12111704,0.0527947018866568
2024-08-14,0.0,87791965.20766617,-0.1480085510836603,100501582.13854282,0.04510759911753881
2024-08-15,0.0,87791965.20766617,-0.1480085510836603,96368315.11756809,0.04112638759534104
2024-08-16,0.0,87791965.20766617,-0.1480085510836603,93408661.20667575,0.030711898483247402
2024-08-17,0.0,87791965.20766617,-0.1480085510836603,94715707.60982522,-0.01399277525515008
2024-08-18,0.0,87791965.20766617,-0.1480085510836603,92084947.59641926,0.027775329771521973
2024-08-19,0.0,87791965.20766617,-0.1480085510836603,91081111.00644232,0.010901201729260457
2024-08-20,0.0,87791965.20766617,-0.1480085510836603,94977133.3576777,-0.042775305529154206
2024-08-21,0.0,87791965.20766617,-0.1480085510836603,94008324.13562573,0.010200447073965613
2024-08-22,0.0,87791965.20766617,-0.1480085510836603,96339777.40828526,-0.024800498190946874
2024-08-23,0.0,87791965.20766617,-0.1480085510836603,93577160.51792428,0.028675765760316163
2024-08-24,0.0,87791965.20766617,-0.1480085510836603,93074276.6840181,0.005374001851764287
2024-08-25,0.0,87791965.20766617,-0.1480085510836603,90356442.11700958,0.029200705757138623
2024-08-26,0.0,87791965.20766617,-0.1480085510836603,89484587.52760245,0.009649058428817914
2024-08-27,0.0,87791965.20766617,-0.1480085510836603,91998197.09908238,-0.02808986039863659
2024-08-28,0.0,87791965.20766617,-0.1480085510836603,87023463.26372544,0.054074253542155115
2024-08-29,0.0,87791965.20766617,-0.1480085510836603,88337653.01916212,-0.015101556593467347
2024-08-30,0.0,87791965.20766617,-0.1480085510836603,89115690.36755729,-0.008807539274632958
2024-08-31,0.0,87791965.20766617,-0.1480085510836603,87528290.5245176,0.017812798582297562
2024-09-01,0.0,87791965.20766617,-0.1480085510836603,83583053.36933348,0.045073851340430515
2024-09-02,0.0,87791965.20766617,-0.1480085510836603,83876274.77714474,-0.0035081442468438695
2024-09-03,0.0,87791965.20766617,-0.1480085510836603,82555746.27622357,0.015743766690041516
2024-09-04,0.0,87791965.20766617,-0.1480085510836603,83269493.4363666,-0.00864563876335045
2024-09-05,0.0,87791965.20766617,-0.1480085510836603,83427644.57531376,-0.0018992686567502748
2024-09-06,0.0,87791965.20766617,-0.1480085510836603,87804002.2298717,-0.052456924522269244
2024-09-07,0.0,87791965.20766617,-0.1480085510836603,87236842.80699956,0.006459380079136934
2024-09-08,0.0,87791965.20766617,-0.1480085510836603,84484352.94229719,0.031551919763899705
2024-09-09,0.0,87791965.20766617,-0.1480085510836603,85070405.71839128,-0.00693682031860221
2024-09-10,0.0,87791965.20766617,-0.1480085510836603,85771376.83444306,-0.00823989388709645
2024-09-11,0.0,87791965.20766617,-0.1480085510836603,89604842.9571929,-0.044694002407694056
2024-09-12,0.0,87791965.20766617,-0.1480085510836603,92106929.1540843,-0.027923559869266423
2024-09-13,0.0,87791965.20766617,-0.1480085510836603,93269306.98466045,-0.012619873892784295
2024-09-14,0.0,87791965.20766617,-0.1480085510836603,97748630.04336838,-0.04802569251902589
2024-09-15,0.0,87791965.20766617,-0.1480085510836603,94147529.6792211,0.036840417738331355
2024-09-16,0.0,87791965.20766617,-0.1480085510836603,92333113.86949587,0.019272049047991846
2024-09-17,0.0,87791965.20766617,-0.1480085510836603,89706197.06513025,0.028450430124976833
2024-09-18,0.0,87791965.20766617,-0.1480085510836603,88694857.14097446,0.011273913700984628
2024-09-19,0.0,87791965.20766617,-0.1480085510836603,84893931.57160872,0.04285395672180203
2024-09-20,0.0,87791965.20766617,-0.1480085510836603,86721259.0420228,-0.02152483029806085
2024-09-21,0.0,87791965.20766617,-0.1480085510836603,86208638.72630939,0.005911126307160841
2024-09-22,0.0,87791965.20766617,-0.1480085510836603,82254610.4214478,0.04586580142408492
2024-09-23,0.0,87791965.20766617,-0.1480085510836603,79680161.9802928,0.031298530598641405
2024-09-24,0.0,87791965.20766617,-0.1480085510836603,80575164.86740184,-0.011232443118406321
2024-09-25,0.0,87791965.20766617,-0.1480085510836603,82832885.02965358,-0.028020050172620214
2024-09-26,0.0,87791965.20766617,-0.1480085510836603,88224923.8640624,-0.06509538853413721
2024-09-27,0.0,87791965.20766617,-0.1480085510836603,96557203.18754233,-0.09444359891223453
2024-09-28,0.0,87791965.20766617,-0.1480085510836603,97953526.73862067,-0.01446110186483196
2024-09-29,0.0,87791965.20766617,-0.1480085510836603,94969351.01232539,0.030465219841019575
2024-09-30,0.0,87791965.20766617,-0.1480085510836603,88603984.58204275,0.06702548098340189
2024-10-01,0.0,87791965.20766617,-0.1480085510836603,89469359.03656359,-0.009766766795002768
2024-10-02,0.0,87791965.20766617,-0.1480085510836603,87249256.06798677,0.024814115049930363
2024-10-03,0.0,87791965.20766617,-0.1480085510836603,86194287.59276868,0.01209143232574994
2024-10-04,0.0,87791965.20766617,-0.1480085510836603,84609424.81683123,0.018387097569913857
2024-10-05,0.0,87791965.20766617,-0.1480085510836603,84329764.57719888,0.0033053083653242776
2024-10-06,0.0,87791965.20766617,-0.1480085510836603,87307563.87569214,-0.03531136738520457
2024-10-07,0.0,87791965.20766617,-0.1480085510836603,87851101.84302521,-0.006225554158250768
2024-10-08,0.0,87791965.20766617,-0.1480085510836603,87510563.31805165,0.0038763147852379776
2024-10-09,0.0,87791965.20766617,-0.1480085510836603,84715395.4080416,0.03194092009042604
2024-10-10,0.0,87791965.20766617,-0.1480085510836603,80277168.19153179,0.052389854230539434
2024-10-11,0.0,87791965.20766617,-0.1480085510836603,79124239.29545596,0.014361853090346544
2024-10-12,0.0,87791965.20766617,-0.1480085510836603,79083012.27314271,0.0005210416261862694
2024-10-13,0.0,87791965.20766617,-0.1480085510836603,83651935.02558869,-0.057773757234556244
2024-10-14,0.0,87791965.20766617,-0.1480085510836603,84101044.25340308,-0.005368784687132422
2024-10-15,0.0,87791965.20766617,-0.1480085510836603,86846746.91790293,-0.032647664352737804
2024-10-16,0.0,87791965.20766617,-0.1480085510836603,85563372.66273072,0.014777459153252903
2024-10-17,0.0,87791965.20766617,-0.1480085510836603,82421639.58767578,0.0367182005253448
2024-10-18,0.0,87791965.20766617,-0.1480085510836603,79975057.36520527,0.029683736391435955
2024-10-19,0.0,87791965.20766617,-0.1480085510836603,78215027.55839586,0.022007234065144154
2024-10-20,0.0,87791965.20766617,-0.1480085510836603,83636191.79241404,-0.06931103143792527
2024-10-21,0.0,87791965.20766617,-0.1480085510836603,81538230.29970591,0.025084373735180354
2024-10-22,0.0,87791965.20766617,-0.1480085510836603,83823881.80160384,-0.02803165451956313
2024-10-23,0.0,87791965.20766617,-0.1480085510836603,81502490.90612023,0.02769366969878495
2024-10-24,0.0,87791965.20766617,-0.1480085510836603,84029910.56753305,-0.031010336411976036
2024-10-25,0.0,87791965.20766617,-0.1480085510836603,85165863.10836643,-0.013518430915387514
2024-10-26,0.0,87791965.20766617,-0.1480085510836603,84841175.68811145,0.0038124127250589446
2024-10-27,0.0,87791965.20766617,-0.1480085510836603,84832318.19841407,0.00010440083633389552
2024-10-28,0.0,87791965.20766617,-0.1480085510836603,83156607.92005786,0.01975320625374044
2024-10-29,0.0,87791965.20766617,-0.1480085510836603,84443399.08676776,-0.015474310447426642
2024-10-30,0.0,87791965.20766617,-0.1480085510836603,83315279.91420618,0.013359471370905096
2024-10-31,0.0,87791965.20766617,-0.1480085510836603,80147684.25737576,0.038019384440552084
2024-11-01,0.0,87791965.20766617,-0.1480085510836603,76966301.88785404,0.039694002378227844
2024-11-02,0.0,87791965.20766617,-0.1480085510836603,77483731.97100255,-0.006722813367107783
2024-11-03,0.0,87791965.20766617,-0.1480085510836603,81492036.72679047,-0.05173092020513392
2024-11-04,0.0,87791965.20766617,-0.1480085510836603,82007044.52924038,-0.0063197316343499566
2024-11-05,0.0,87791965.20766617,-0.1480085510836603,81794119.2709261,0.0025964264355162747
2024-11-06,0.0,87791965.20766617,-0.1480085510836603,82640396.92935997,-0.010346436467281395
2024-11-07,0.0,87791965.20766617,-0.1480085510836603,86193277.480078,-0.042992055734618395
2024-11-08,0.0,87791965.20766617,-0.1480085510836603,86901806.9111126,-0.008220240043643301
2024-11-09,0.0,87791965.20766617,-0.1480085510836603,85863358.87561612,0.011949671386679572
2024-11-10,0.0,87791965.20766617,-0.1480085510836603,89006064.17128812,-0.03660123872191634
2024-11-11,0.0,87791965.20766617,-0.1480085510836603,90334052.98671181,-0.014920206030771599
2024-11-12,0.0,87791965.20766617,-0.1480085510836603,94881847.87127592,-0.050344191743871836
2024-11-13,0.0,87791965.20766617,-0.1480085510836603,95552045.992634,-0.007063501991100951
2024-11-14,0.0,87791965.20766617,-0.1480085510836603,91922691.76828875,0.037983009015056024
2024-11-15,0.0,87791965.20766617,-0.1480085510836603,88008522.95482004,0.04258109437586133
2024-11-16,0.0,87791965.20766617,-0.1480085510836603,92763596.5046227,-0.054029693831399994
2024-11-17,0.05498490340328943,92619197.93419464,-0.1011618835645668,97991502.62623917,-0.001372399661776047
2024-11-18,-0.004844684509144104,92170487.1407135,-0.10551647066348978,97546168.9906757,-0.000300069684101012
2024-11-19,-0.011365462594611353,91122926.91678861,-0.11568268975765987,96467113.82762083,-0.0003034683182597808
2024-11-20,0.04769493570891448,95469029.05769295,-0.07350523249937137,101094276.37677255,-0.00027128164283607425
2024-11-21,-0.034555363524652605,92170062.05325875,-0.10552059599404404,97634278.07987373,-0.00032990169926094826
2024-11-22,-0.02776478399357063,89610980.18967602,-0.1303556234329672,94956046.36319166,-0.00033351938698411576
2024-11-23,0.02151964826148678,91539376.9637249,-0.11164118233666478,97024802.22500914,-0.0002668091685626983
2024-11-24,-0.011748686772933281,90463909.49638863,-0.12207823182736464,95916064.49960148,-0.0003213228414263858
2024-11-25,0.000737582542476245,90530634.09675731,-0.12143069205750072,96015443.15944323,-0.0002985177224814617
2024-11-26,-0.004340807786137213,90137658.01538616,-0.12524439255007871,95628484.33657551,-0.00031063503335282405
2024-11-27,0.011734452712732768,91195374.1010042,-0.1149796142392597,96776254.27625126,-0.00026793284883308566
2024-11-28,0.046077767273469794,95397453.32524729,-0.07419985087189981,101251132.1013734,-0.0001616522885692362
2024-11-29,0.0038106628982876867,95760980.86122495,-0.07067193859238806,101666131.83989823,-0.0002880541225682709
2024-11-30,0.021580283623741314,97827529.98829785,-0.05061677544771009,103883067.71823764,-0.0002257577611182171
2024-12-01,-0.06494359159827934,91474258.83366941,-0.11227313185329153,97192426.04892519,-0.000538084365286573
2024-12-02,-0.0006618837200559335,91413713.51094322,-0.11286070381517409,97157535.05052583,-0.00030289485829215756
2024-12-03,-0.02620240104902616,89018454.7281487,-0.13610588344015975,94652486.50725386,-0.00041903239965424
2024-12-04,-0.03829232659141735,85609730.98703513,-0.16918639909187316,91074431.51485097,-0.0004903086578613713
2024-12-05,-0.02735069934133405,83268244.97411624,-0.19190973209900244,88624449.54942217,-0.0004498235996138744
2024-12-06,-0.009850496000729736,82448011.46001092,-0.1998698220511899,87783230.69644408,-0.0003585458983037526
2024-12-07,0.030400134061588258,84954442.06150661,-0.17554575737482359,90461398.86675493,-0.00010874729380416781
2024-12-08,-0.04181221354365139,81402308.78854914,-0.21001801422443683,86730357.64320631,-0.0005676465759852922
2024-12-09,0.0018933470862247948,81556431.61270592,-0.20852230413349854,86919447.84222965,-0.0002868606767965076
2024-12-10,-0.01470040617219559,80357518.94204424,-0.22015734773896964,85677071.50580226,-0.00040698430552121856
2024-12-11,-0.009659830087246024,79581278.96283144,-0.22769049525459853,84881513.71525155,-0.00037429106766317943
2024-12-12,0.033256081329748666,82227840.44834478,-0.20200650755304747,87707070.79896323,-3.216907999870067e-05
2024-12-13,0.01826733520844681,83729923.97328137,-0.1874292929323599,89322608.20332418,-0.00015235877567887357
2024-12-14,0.044059504746869926,87419022.95603721,-0.15162783000714586,93252511.72238338,6.27653087021951e-05
2024-12-15,-0.00407761009704799,87062562.2653576,-0.15508716093356326,92903357.37115662,-0.00033342836105132445
2024-12-16,-0.02155362960908025,85186048.04547259,-0.1732980993187577,90945868.4348225,-0.00048346603561766344
2024-12-17,-0.006320440742150324,84647634.67674321,-0.17852321969343654,90403514.37268864,-0.00035695860197437757
2024-12-18,0.008741570999628578,85387587.98522058,-0.17134222209384045,91213520.57889646,-0.0002183263210504549
2024-12-19,0.006613534400619514,85952301.73574677,-0.16586186537331704,91838364.88887122,-0.00023681306989931095
2024-12-20,-0.03413505746439882,83018314.97679971,-0.1943352185320453,88761741.24805282,-0.0006346391529309381
2024-12-21,-0.0007075041232970092,82959579.17664446,-0.19490522968692903,89125280.31618875,-0.004803177135389025
2024-12-22,0.0,82959579.17664446,-0.19490522968692903,89883139.8973594,-0.008503306564444868
2024-12-23,0.0,82959579.17664446,-0.19490522968692903,97231910.74055244,-0.0817591692010855
2024-12-24,0.0,82959579.17664446,-0.19490522968692903,103188243.04041794,-0.061259027561013424
2024-12-25,0.0,82959579.17664446,-0.19490522968692903,100494639.10070375,0.0261037872178822
2024-12-26,0.0,82959579.17664446,-0.19490522968692903,99691057.0771468,0.0079962675695735
2024-12-27,0.0,82959579.17664446,-0.19490522968692903,95142139.78134413,0.04563014405878407
2024-12-28,0.0,82959579.17664446,-0.19490522968692903,93457874.21172704,0.017702624446831572
2024-12-29,0.0,82959579.17664446,-0.19490522968692903,94513888.38801752,-0.011299360114890966
2024-12-30,0.0,82959579.17664446,-0.19490522968692903,98274342.31926449,-0.039787315868423434
2024-12-31,0.0,82959579.17664446,-0.19490522968692903,96099464.02125213,0.02213068280779551
2025-01-01,0.0,82959579.17664446,-0.19490522968692903,94203163.46505602,0.019732686082169493
2025-01-02,0.0,82959579.17664446,-0.19490522968692903,87843201.83800794,0.0675132489516369
2025-01-03,-0.005299048099412729,82519972.37628038,-0.19917146559940363,87491362.63091461,-0.0012937386419755725
2025-01-04,-0.0007001087867343214,82462199.41853867,-0.19973213269300505,84621885.55975763,0.032097152392771666
2025-01-05,0.0,82462199.41853867,-0.19973213269300505,83289762.6181607,0.015742061675714236
2025-01-06,0.0,82462199.41853867,-0.19973213269300505,81052637.49929437,0.026859544901362775
2025-01-07,0.0,82462199.41853867,-0.19973213269300505,80905413.34782664,0.0018164017360818852
2025-01-08,0.0,82462199.41853867,-0.19973213269300505,76451788.09805465,0.05504730852341211
2025-01-09,0.0,82462199.41853867,-0.19973213269300505,72954466.81238382,0.045745447852511556
2025-01-10,0.0,82462199.41853867,-0.19973213269300505,78012830.98119332,-0.0693359075849056
2025-01-11,0.0,82462199.41853867,-0.19973213269300505,74892511.01087308,0.03999752260076883
2025-01-12,0.0,82462199.41853867,-0.19973213269300505,72353869.19173475,0.03389713851054843
2025-01-13,0.0,82462199.41853867,-0.19973213269300505,76693743.47139485,-0.0599812329062821
2025-01-14,0.0,82462199.41853867,-0.19973213269300505,83915391.20339715,-0.09416214941569301
2025-01-15,0.0,82462199.41853867,-0.19973213269300505,80870090.56952208,0.036290132122410945
2025-01-16,0.0,82462199.41853867,-0.19973213269300505,80014164.23060295,0.010583966617216944
2025-01-17,0.0,82462199.41853867,-0.19973213269300505,80984718.24997817,-0.012129777630096372
2025-01-18,0.0,82462199.41853867,-0.19973213269300505,85561838.84536897,-0.056518324620979055
2025-01-19,0.0,82462199.41853867,-0.19973213269300505,82962519.25013097,0.0303794265097036
2025-01-20,0.0,82462199.41853867,-0.19973213269300505,82410910.49673183,0.0066488910701475445
2025-01-21,0.0,82462199.41853867,-0.19973213269300505,84559758.70633818,-0.026074802433975863
2025-01-22,0.0,82462199.41853867,-0.19973213269300505,85837669.27600497,-0.015112514382931819
2025-01-23,0.0,82462199.41853867,-0.19973213269300505,84907446.94510703,0.010836994279363132
2025-01-24,0.0,82462199.41853867,-0.19973213269300505,84645733.76113133,0.0030823348645132587
2025-01-25,0.0,82462199.41853867,-0.19973213269300505,81023178.5762181,0.04279666586783937
2025-01-26,0.0,82462199.41853867,-0.19973213269300505,80502883.38922234,0.006421559807189281
2025-01-27,0.0,82462199.41853867,-0.19973213269300505,79913248.09586418,0.00732439968028642
2025-01-28,0.0,82462199.41853867,-0.19973213269300505,80602854.39326216,-0.008629436468040153
2025-01-29,0.0,82462199.41853867,-0.19973213269300505,79267227.13184337,0.016570471002208542
2025-01-30,0.0,82462199.41853867,-0.19973213269300505,80558429.44177757,-0.016289232721444558
2025-01-31,0.0,82462199.41853867,-0.19973213269300505,83265749.02124883,-0.03360690617023421
2025-02-01,0.0,82462199.41853867,-0.19973213269300505,83779809.98049621,-0.006173738485390823
2025-02-02,0.0,82462199.41853867,-0.19973213269300505,84823388.47423624,-0.012456205068774429
2025-02-03,0.0,82462199.41853867,-0.19973213269300505,85069458.67471188,-0.002900971122491658
2025-02-04,0.0,82462199.41853867,-0.19973213269300505,85171771.76190881,-0.001202700578925242
2025-02-05,0.0,82462199.41853867,-0.19973213269300505,83307373.85135484,0.02188985707337121
2025-02-06,0.0,82462199.41853867,-0.19973213269300505,84251064.48490532,-0.011327816373545962
2025-02-07,0.0,82462199.41853867,-0.19973213269300505,84089877.77904075,0.0019131711492316184
2025-02-08,0.0,82462199.41853867,-0.19973213269300505,89823242.18498152,-0.06818138588577893
2025-02-09,0.0,82462199.41853867,-0.19973213269300505,94453392.90593827,-0.05154735687920775
2025-02-10,0.0,82462199.41853867,-0.19973213269300505,95732961.49038605,-0.013547089681807956
2025-02-11,0.0,82462199.41853867,-0.19973213269300505,93510249.79711306,0.023217830710232534
2025-02-12,0.0,82462199.41853867,-0.19973213269300505,90293762.1089546,0.034397167103469406
2025-02-13,0.0,82462199.41853867,-0.19973213269300505,93843803.53369217,-0.039316574498843515
2025-02-14,0.0082963294557028,83146332.99255674,-0.19309284681301356,94745452.47115941,-0.0013116457490056632
2025-02-15,0.016264081373904338,84498631.71828942,-0.17996924321239496,96314871.94229698,-0.00030050753462718127
2025-02-16,-0.05494167300046693,79856135.52543628,-0.22502310490214497,91053503.35893989,-0.0003149214172926129
2025-02-17,0.030596390290204223,82299445.01503998,-0.20131160935384027,93865056.29563518,-0.0002816411196575608
2025-02-18,0.015454899549770307,83571374.67074926,-0.18896796050483622,95342628.46329789,-0.0002865512730894082
2025-02-19,-0.03467402029185995,80673619.12959707,-0.21708970189964014,92069155.45174584,-0.00034023839059671435
2025-02-20,-0.014210338744174877,79527219.67404695,-0.22821512244194916,90790425.9328011,-0.0003215449057766273
2025-02-21,0.009356032472055409,80271278.92372961,-0.22099427806607475,91665550.3578192,-0.00028291806735314395
2025-02-22,0.002584313580914044,80478725.08000955,-0.21898108299927113,91929449.7525474,-0.00029462396648582967
2025-02-23,-0.00846996575633896,79797073.03446805,-0.2255962864813202,91180272.72922742,-0.00032048781062532505
2025-02-24,-0.0024183180439959484,79604098.33289073,-0.22746904095505996,90987734.22429353,-0.0003066934658850773
2025-02-25,-0.007185188227475048,79032127.90269049,-0.23301982130734963,90363260.28236037,-0.00032191212485477294
2025-02-26,0.005801404513177122,79490625.24619114,-0.22857025903716469,90912849.66639347,-0.00028059587410189657
2025-02-27,0.04816287975892619,83319122.67188531,-0.19141598118071207,95302825.99882616,-0.00012486337685491122
2025-02-28,-0.08153949488326018,76525323.49510339,-0.2573475136459134,87589675.70060094,-0.0006064247734585138
2025-03-01,-0.006708913215048851,76011921.7410212,-0.2623299047258032,87030922.8999855,-0.0003297047507389017
2025-03-02,0.006579524619400257,76512044.05148418,-0.2574763861729512,87626945.25339687,-0.00026887286451815484
2025-03-03,0.010423945460585893,77309601.4257548,-0.2497363605192209,88562083.15984963,-0.0002478622094013172
2025-03-04,-0.011059467335835627,76454598.4140402,-0.2580338767333238,87614356.69710267,-0.0003582007335543036
2025-03-05,-0.05562751098498364,72201619.40091066,-0.2993076054058265,82794244.36137444,-0.0006124139456690214
2025-03-06,0.011467540644227059,73029594.40596962,-0.29127238689171703,83762593.87790577,-0.00022831483462426583
2025-03-07,0.05654169075796811,77158811.14905179,-0.2511997293597157,88493103.6937256,6.648390471419852e-05
2025-03-08,-0.04849502838712627,73416992.4120616,-0.2875128197407041,84255738.41473258,-0.0006114634298099997
2025-03-09,0.02874531440633543,75527386.94171385,-0.2670321517336673,86685884.24986938,-9.718203200659303e-05
2025-03-10,-0.009682149815273045,74796119.46618809,-0.2741288562503602,85878595.32809581,-0.00036934267534038945
2025-03-11,-0.0010705223750679949,74716048.54673128,-0.27490591755116034,85813123.28475526,-0.0003081433085447838
2025-03-12,-0.033051597285424617,72246563.79940648,-0.29887143515830383,83024818.72212501,-0.0005588449428982623
2025-03-13,-0.009885746680818763,71532352.57112594,-0.30580261454101487,82235867.2860206,-0.00038314916543080724
2025-03-14,-0.0007063153548166889,71481828.1721388,-0.3062929368136381,85755679.75894214,-0.0435077423851834
2025-03-15,0.0,71481828.1721388,-0.3062929368136381,87457498.45758943,-0.01984496774360678
2025-03-16,0.0,71481828.1721388,-0.3062929368136381,92410563.9216011,-0.05663397137311832
2025-03-17,0.0,71481828.1721388,-0.3062929368136381,96003226.09041665,-0.03887718044728605
2025-03-18,0.0,71481828.1721388,-0.3062929368136381,97467349.56846325,-0.015250773725746347
2025-03-19,0.0,71481828.1721388,-0.3062929368136381,103023564.02271369,-0.05700590483736945
2025-03-20,0.0,71481828.1721388,-0.3062929368136381,104594444.77297482,-0.015247781079625655
2025-03-21,0.0,71481828.1721388,-0.3062929368136381,107491252.94288404,-0.027695621657506164
2025-03-22,0.0,71481828.1721388,-0.3062929368136381,106600121.37819432,0.008290270513110709
2025-03-23,0.002026062298058351,71626654.80919465,-0.3048874430870194,106955042.86937782,-0.0013034038094361655
2025-03-24,-0.021416299222220214,70092676.93751426,-0.3197741815989904,104696413.08340646,-0.0002987368766113052
2025-03-25,0.03257447947887049,72375909.40403442,-0.2976161796364888,108137437.20781201,-0.00029220642816474296
2025-03-26,-0.0368251339089285,69710656.84845038,-0.32348155787683985,104189802.64265911,-0.00031941796925272214
2025-03-27,0.025957345705990953,71520160.46765731,-0.3059209347981705,106923244.0945955,-0.0002778652513741875
2025-03-28,-0.005206790533222816,71147769.97319974,-0.30953485910417156,106399231.04163647,-0.00030595669305766293
2025-03-29,0.038434926911999234,73882329.3120714,-0.2829968818785572,110514743.40223601,-0.00024498007895501495
2025-03-30,0.024969400773311445,75727126.80273028,-0.265093743666469,113302788.09010532,-0.0002584068660889116
2025-03-31,0.059274453074505074,80215810.8268658,-0.22153257726126693,120039848.5809949,-0.00018622397019263381
2025-04-01,0.0243357182664381,82167920.19966231,-0.20258801338189691,122991003.06396751,-0.00024907184999856113
2025-04-02,-0.049521209193022275,78098865.43449928,-0.24207681918423543,116951494.41485298,-0.0004159210121185142
2025-04-03,-0.0012460498393322972,78001550.35577258,-0.24302122924191716,116841267.45211045,-0.00030354830658985144
2025-04-04,-0.03671735035552148,75137540.10308583,-0.27081548397953364,112599435.18598841,-0.00041312019248740395
2025-04-05,-0.01574022626888738,73954858.22057566,-0.28229301325346495,110867097.94761238,-0.0003552713131665941
2025-04-06,0.049450360654671455,77611952.63174821,-0.24680214391447133,116361594.80861533,-0.00010894921018334003
2025-04-07,0.021385866229589157,79271751.468548,-0.2306943553198128,118875131.15376069,-0.00021521571913707405
2025-04-08,-0.021555936069034276,77562974.6618116,-0.24727745861408612,116359047.02747633,-0.0003901623545143895
2025-04-09,-0.03168401510298913,75105468.201194,-0.27112673098371776,112724111.90905465,-0.00044505937689631736
2025-04-10,0.00195879513331354,75252584.42679174,-0.2696990175715663,112977631.4771374,-0.0002902318387267844
2025-04-11,-0.03823345136432488,72375418.40007025,-0.29762094466456246,108714993.93966031,-0.0005035265841288883
2025-04-12,-0.020697480963980164,70877429.5554747,-0.31215842179186604,106510635.57431331,-0.00042099208728951787
2025-04-13,0.010952872072383935,71653740.97421521,-0.30462458097968576,107701882.8048466,-0.0002314310172559786
2025-04-14,0.038117507277824814,74385002.96728323,-0.2781186033843584,111812862.07271777,-5.247787758944078e-05
2025-04-15,0.020514570419466693,75910979.3488078,-0.26330951663898394,114125193.10813354,-0.00016579669171545852
2025-04-16,-0.07291040930982373,70376278.77337664,-0.3170219213154875,105894339.89553057,-0.0007891450346846351
2025-04-17,0.01072061158399884,71130755.52283324,-0.309699978613525,107052795.94682351,-0.0002191237449697958
2025-04-18,0.003230073946423273,71360513.12303695,-0.3074702584992291,107428023.95529053,-0.00027500039701933154
2025-04-19,0.01425903347430868,72378045.06840219,-0.2975954537332152,108979766.87977701,-0.00018545565761751703
2025-04-20,0.05305477064034392,76218045.64890274,-0.26032954163429606,114746835.53875872,0.00013606082750539095
2025-04-21,-0.06565503520137683,71213947.17884389,-0.30889263161571495,107308529.71818012,-0.0008314103436253273
2025-04-22,-0.018178542092500916,69919381.44248013,-0.32145595600232624,105407525.89084554,-0.00046323248638557857
2025-04-23,0.01999772697866864,71317610.14308424,-0.307886617467459,107527166.07451952,-0.00011127535071864258
2025-04-24,-0.050190422254193234,67738149.17584291,-0.34262408038454517,102214139.03692527,-0.0007794014716669961
2025-04-25,0.048634224572984275,71032541.53501916,-0.31065311228109516,107164407.56246266,0.0002038550352720936
2025-04-26,0.012817671135078035,71943013.2923038,-0.3018172905763247,108556195.83303463,-0.00016974047134321602
2025-04-27,0.028282912154089956,73977771.21735056,-0.2820706503381904,111627325.25063674,-7.77539289886775e-06
2025-04-28,-0.01755182329862892,72679326.44891723,-0.29467161942435405,109721824.79919405,-0.00048162612993141174
2025-04-29,0.02723524544518452,74658765.74354418,-0.2754618278599218,112710695.3735425,-5.192633734552032e-06
2025-04-30,0.03547529604115951,77307307.56036398,-0.249758621710132,116699649.71398677,8.42062495103324e-05
2025-05-01,0.008442786315038031,77959996.63868706,-0.24342449406853098,117709346.36167859,-0.0002093103293514531
2025-05-02,0.00849381050656306,78622174.07722837,-0.23699828508724194,118733515.20502964,-0.0002070180597952831
2025-05-03,0.009658690466707087,79381561.32045987,-0.22962868769733297,119903157.12285435,-0.00019229319030822367
2025-05-04,-0.027033943971429664,77235564.63935795,-0.25045486259132,116734470.5776636,-0.0006068954997694442
2025-05-05,-0.0038672805519583964,76936873.04230864,-0.2533535639240355,116323458.10610467,-0.0003463627842671402
2025-05-06,-0.004030419975117772,76626785.13237582,-0.2563628626343466,115895303.9065853,-0.00034969893664227314
2025-05-07,0.013337301059024753,77648779.63487153,-0.24644475025462947,117456251.82087862,-0.00013130260028715313
2025-05-08,0.0333202252811482,80236054.46511167,-0.22133611957132188,121355138.79575859,0.0001258493800186944
2025-05-09,-0.033396138620169324,77556480.06785935,-0.24734048646063694,117390083.58155161,-0.0007229839968601048
2025-05-10,-0.003142491206918674,77312759.51120654,-0.2497057123637381,117061357.42528424,-0.00034220223669223504
2025-05-11,0.04897943874644706,81099495.08000447,-0.21295671926064869,122751309.37016827,0.0003728612213595994
2025-05-12,-0.023205607940807393,79217531.99298045,-0.23122053706593285,119977765.22240488,-0.0006107846188052601
2025-05-13,-0.025773050122243735,77175854.57036492,-0.25103432869708414,116964883.51575734,-0.0006610495689535201
2025-05-14,0.007483520469241389,77753401.65777345,-0.2454294287651296,117862448.42116188,-0.00019027766935653112
2025-05-15,0.02834138761422711,79957040.95248109,-0.22404385172347344,121188565.15002467,0.00012106151869684112
2025-05-16,0.0012844821019790675,80059744.34051177,-0.22304714993909153,121378302.06112377,-0.0002811516759619881
2025-05-17,0.04408888741396577,83589489.39513148,-0.18879216320679623,126685779.38274561,0.000362148519982064
2025-05-18,0.02873917305328688,85991782.19629405,-0.16547872080301387,130311197.94846529,0.0001217656111580645
2025-05-19,0.028249525292949995,88421009.2224341,-0.14190389081883367,133977925.98995546,0.00011128315246811127
2025-05-20,0.018904917402106314,90092601.09839511,-0.12568165475169485,136514359.6484782,-2.6810640264773866e-05
2025-05-21,0.0764925279194173,96984011.90324701,-0.05880283431733022,146846435.1993377,0.0008076287083427225
2025-05-22,-0.00574419777169477,96426916.55818236,-0.06420925697917008,146058578.51679438,-0.00037902372798148676
2025-05-23,-0.06411797596241231,90244217.84017529,-0.12421026534602761,136869637.03482428,-0.001205262616283731
2025-05-24,0.05305227580962257,95031878.97525592,-0.07774762679192895,144060239.38878238,0.000516136241074161
2025-05-25,-0.013954427551380322,93705763.50502416,-0.09061713071794959,142123150.40911293,-0.0005080457607620215
2025-05-26,0.004420198509971662,94119961.58124483,-0.08659747791415535,142784332.06536603,-0.00023197570900546083
2025-05-27,0.04348552064878364,98212817.11404878,-0.04687769367934022,148939139.49883816,0.00037989873324684176
2025-05-28,-0.05115395751781737,93188842.83969156,-0.09563367164615133,141481413.4326649,-0.0010816522039317489
2025-05-29,-0.039805608741347864,89479404.22255585,-0.13163252387145397,135984476.9857187,-0.000952897889951343
2025-05-30,-0.05123112764885274,84895273.4428868,-0.17611996888710754,129179692.18888944,-0.0011902336610493114
2025-05-31,-0.024977182159162115,82774828.73365194,-0.19669817050151042,126051946.81146777,-0.0007648208783485044
2025-06-01,0.015264028499053728,84038306.07844669,-0.18443654848270352,127976554.75013845,-4.342893490161259e-06
2025-06-02,0.018023203891375905,85552945.60358438,-0.1697374821096531,130276806.74912134,4.9192921367291476e-05
2025-06-03,0.009932705131463049,86402717.78539288,-0.16149072933774222,131584886.68906537,-0.0001080686070507042
2025-06-04,-0.045186903562218994,82498446.5093107,-0.19938036688718425,125794032.11308731,-0.00117839527766328
2025-06-05,-0.0745628124047708,76347130.31855196,-0.2590768183985515,116645873.72306876,-0.0018395024325261744
2025-06-06,0.0027002190322129582,76553284.29289295,-0.2570761635221836,116988732.6581874,-0.000239095700279357
2025-06-07,-0.014528487432952097,75441080.86409244,-0.26786972314409213,115362959.76861386,-0.0006316543565253463
2025-06-08,0.015974826102337136,76646239.01186867,-0.25617406928706304,117197270.59396234,7.448140740562437e-05
2025-06-09,0.023921617988416966,78479741.0617595,-0.2383805495226694,119970452.88912845,0.0002591019493363156
2025-06-10,0.0054496804436081625,78907430.5718432,-0.2342299668979315,120645133.82338329,-0.0001740453822696164
2025-06-11,0.025825856488120413,80945282.54963796,-0.2144532999201342,123724511.43385139,0.0003015977560929528
2025-06-12,0.008428621959105653,81627539.73562185,-0.207832223753938,124780470.93645102,-0.00010614201257652667
2025-06-13,0.018284601047281024,83120066.73415878,-0.19334775200276694,127046742.6565105,0.00012253046803412104
2025-06-14,-0.02215920536040228,81278192.10582621,-0.2112225248205678,124334352.5817862,-0.0008096609485660489
2025-06-15,-0.004965863687869776,80874575.68303218,-0.21513948624237098,123768934.00152327,-0.0004182984452630878
2025-06-16,0.0073753344213971506,81471052.72488314,-0.2093508774792589,124696809.28937192,-0.00012150067162575162
2025-06-17,-0.0007175700068425828,81412591.54102187,-0.20991822357551623,128120598.51061915,-0.02817448122019972
2025-06-18,0.0,81412591.54102187,-0.20991822357551623,126660059.88023397,0.011399717511186291
2025-06-19,0.0,81412591.54102187,-0.20991822357551623,128924406.37828693,-0.017877352183427453
2025-06-20,0.0,81412591.54102187,-0.20991822357551623,127982376.19586052,0.007306841341292114
2025-06-21,0.0,81412591.54102187,-0.20991822357551623,127654568.61920385,0.002561349354500142
2025-06-22,0.0,81412591.54102187,-0.20991822357551623,131196294.75661884,-0.02774460934477041
2025-06-23,0.0,81412591.54102187,-0.20991822357551623,122986301.96125297,0.06257793187373295
2025-06-24,0.0,81412591.54102187,-0.20991822357551623,118031538.73240611,0.04028711449839251
2025-06-25,0.0,81412591.54102187,-0.20991822357551623,112574948.63818489,0.04622993271817011
2025-06-26,0.0,81412591.54102187,-0.20991822357551623,104303423.70188947,0.0734757158351459
2025-06-27,0.0,81412591.54102187,-0.20991822357551623,102164738.10526198,0.02050446208496559
2025-06-28,0.0,81412591.54102187,-0.20991822357551623,104737438.76996076,-0.025181884791287468
2025-06-29,0.0,81412591.54102187,-0.20991822357551623,103908306.81778769,0.007916290124242331
2025-06-30,0.0,81412591.54102187,-0.20991822357551623,104690661.82660678,-0.007529282622139366
2025-07-01,0.0,81412591.54102187,-0.20991822357551623,108465279.44011943,-0.036054959894745275
2025-07-02,0.0,81412591.54102187,-0.20991822357551623,113203688.89049354,-0.043685956232566214
2025-07-03,0.0,81412591.54102187,-0.20991822357551623,113089079.90105753,0.0010124139112365205
2025-07-04,0.0,81412591.54102187,-0.20991822357551623,118123211.84712943,-0.04451474846622072
2025-07-05,0.0,81412591.54102187,-0.20991822357551623,118613193.19865735,-0.004148053069891411
2025-07-06,0.0,81412591.54102187,-0.20991822357551623,115577081.75666983,0.02559674316247884
2025-07-07,0.0,81412591.54102187,-0.20991822357551623,113517404.39550528,0.017820811270359616
2025-07-08,0.0,81412591.54102187,-0.20991822357551623,108275492.09616695,0.046177168402080526
2025-07-09,0.0,81412591.54102187,-0.20991822357551623,105328202.52475353,0.0272202833194769
2025-07-10,0.0,81412591.54102187,-0.20991822357551623,104247900.2324634,0.010256534018381669
2025-07-11,0.0,81412591.54102187,-0.20991822357551623,107053703.34245381,-0.026914720620115462
2025-07-12,0.0,81412591.54102187,-0.20991822357551623,113077040.84330592,-0.056264634597311236
2025-07-13,0.0,81412591.54102187,-0.20991822357551623,108211357.43096901,0.04302980849206528
2025-07-14,0.0,81412591.54102187,-0.20991822357551623,109701479.65433663,-0.01377047898431738
2025-07-15,0.0,81412591.54102187,-0.20991822357551623,106180346.71725194,0.03209740605304123
2025-07-16,0.0,81412591.54102187,-0.20991822357551623,107920675.1793508,-0.016390306830822432
2025-07-17,0.0,81412591.54102187,-0.20991822357551623,107597477.27439103,0.002994772822007219
2025-07-18,0.0,81412591.54102187,-0.20991822357551623,101422567.11149853,0.05738898642712098
2025-07-19,0.0,81412591.54102187,-0.20991822357551623,104557082.63768855,-0.03090550373019152
2025-07-20,0.0,81412591.54102187,-0.20991822357551623,102658323.63205367,0.018160022809879384
2025-07-21,0.0,81412591.54102187,-0.20991822357551623,101027615.90975028,0.015884807627953745
2025-07-22,0.0,81412591.54102187,-0.20991822357551623,97690463.90560025,0.03303207716127021
2025-07-23,0.0,81412591.54102187,-0.20991822357551623,95762340.88387789,0.01973706485400184
2025-07-24,0.0,81412591.54102187,-0.20991822357551623,97188480.98070747,-0.014892494102237253
2025-07-25,0.0,81412591.54102187,-0.20991822357551623,96716551.31693058,0.004855818909965004
2025-07-26,0.0,81412591.54102187,-0.20991822357551623,97849796.95162061,-0.011717184073039455
2025-07-27,0.0,81412591.54102187,-0.20991822357551623,99100464.06537987,-0.012781499325722923
2025-07-28,0.0,81412591.54102187,-0.20991822357551623,103407486.47621655,-0.04346117297690144
2025-07-29,0.0,81412591.54102187,-0.20991822357551623,102397282.52367626,0.009769156827660108
2025-07-30,0.0,81412591.54102187,-0.20991822357551623,97680919.9949014,0.04605945013906343
2025-07-31,0.0,81412591.54102187,-0.20991822357551623,101134049.65857315,-0.035351117330303605
2025-08-01,0.0,81412591.54102187,-0.20991822357551623,100182618.79790382,0.009407621507112163
2025-08-02,0.0,81412591.54102187,-0.20991822357551623,103876047.22014514,-0.03686695822647623
2025-08-03,0.0,81412591.54102187,-0.20991822357551623,105275056.84839539,-0.013468067621839053
2025-08-04,0.0,81412591.54102187,-0.20991822357551623,104959610.56630579,0.0029964009665071067
2025-08-05,0.0,81412591.54102187,-0.20991822357551623,106256998.3234338,-0.0123608286094814
2025-08-06,0.0,81412591.54102187,-0.20991822357551623,113018386.34799278,-0.06363240192404174
2025-08-07,0.0,81412591.54102187,-0.20991822357551623,120665592.02344574,-0.06766337692972013
2025-08-08,0.0,81412591.54102187,-0.20991822357551623,121078292.0377476,-0.0034201963242486144
2025-08-09,0.0,81412591.54102187,-0.20991822357551623,121844245.29825197,-0.0063260989861466665
2025-08-10,0.0,81412591.54102187,-0.20991822357551623,126186735.82448712,-0.03563968503892445
2025-08-11,0.0,81412591.54102187,-0.20991822357551623,122923401.33663249,0.025861153048554963
2025-08-12,0.0,81412591.54102187,-0.20991822357551623,124381057.99701066,-0.01185825192378398
2025-08-13,-0.0009270390580927712,81337118.88884279,-0.210650660241349,124427376.11808494,-0.0012994279235692963
2025-08-14,0.010944895741333172,82227345.1749816,-0.20201131401420044,125826569.77242133,-0.00030016702530843986
2025-08-15,-0.02577536141823722,80107905.6346343,-0.22257976080314862,122622043.63349377,-0.0003075596278563353
2025-08-16,-0.04999651279704287,76102789.705428,-0.2614480617408341,116531877.62112065,-0.000330353011155915
2025-08-17,-0.06549796049747969,71118212.19155388,-0.30982170741827003,108941519.00791247,-0.0003624905457582095
2025-08-18,-0.034903154890526866,68635962.21589471,-0.33391110726632955,105176904.10802127,-0.00034686327485944357
2025-08-19,-0.013801145686246019,67688707.30203748,-0.34310389711493716,103759370.90620583,-0.0003235365681873992
2025-08-20,-0.008499443078146762,67113390.98729047,-0.3486871481496652,102910398.16455191,-0.00031731230538634136
2025-08-21,0.06303916963472012,71344163.42649958,-0.3076289267965986,109413450.01074617,-0.00015222756302435414
2025-08-22,0.0363822316790543,73939823.30923079,-0.28243892200343707,113417083.76005721,-0.00020955615797890736
2025-08-23,-0.02996762058671909,71724022.73805071,-0.3039425201366352,110061422.06130768,-0.0003807048637871624
2025-08-24,0.012063752751853452,72589283.61473088,-0.29554545479848526,111418112.94344491,-0.00026291772657716095
2025-08-25,-0.012167235044934666,71706072.73924702,-0.30411671882842467,110100426.23371306,-0.0003407314817241991
2025-08-26,-0.008230051490827894,71115928.06839797,-0.309843874064073,109230672.1924361,-0.00033040867354472425
2025-08-27,0.006857869956198748,71603631.85490543,-0.3051108731029305,110009532.84739156,-0.0002725508250935871
2025-08-28,0.020802529594982078,73093168.5256753,-0.29065542147542295,112321215.49740237,-0.00021094614823047309
2025-08-29,-0.010001276861306474,72362143.51057988,-0.297749772995314,111236611.34711418,-0.0003450053770178707
2025-08-30,0.03511302764513369,74902997.456128,-0.27309164136069713,115156950.94402044,-0.00013022140236573776
2025-08-31,-0.03581988542289882,72219980.66941781,-0.2991294154801044,111087071.30790581,-0.0004778621863418264
2025-09-01,0.0011088094746500854,72300058.86824311,-0.29835228353548515,111242909.80540048,-0.00029404052094239574
2025-09-02,0.08451122994745175,78410225.76847151,-0.2390551720272481,120623530.38745685,0.00018567069638497635
2025-09-03,0.00808354883355622,79044058.65752111,-0.23290403735068835,121629355.93955016,-0.00025500293045266353
2025-09-04,0.047036958260870065,82762050.7453647,-0.19682217657347076,127353581.80225293,-2.590595052742728e-05
2025-09-05,0.003851098919175344,83080775.5895389,-0.19372905932576728,127879379.62033686,-0.00027754678236724395
2025-09-06,0.019604925909464166,84709568.03947264,-0.17792217727089488,130409456.1446325,-0.0001799411410894347
2025-09-07,-0.000922970537266643,84631383.60394762,-0.17868093088061415,130328985.39604108,-0.00030590831670052054
2025-09-08,-0.00458342005325163,84243482.42320286,-0.1824453811721339,129774690.66949475,-0.00033037745599706625
2025-09-09,-0.024211497311244834,82203821.57502358,-0.20223960262768062,126693393.51694268,-0.00046806061603144045
2025-09-10,0.014779122257827737,83418721.90414152,-0.1904494041824618,128589948.45000416,-0.00019052122881424438
2025-09-11,-0.026551070207544547,81203865.56224102,-0.2119438388885728,125240284.44380304,-0.0005018801535998652
2025-09-12,0.022380173464057407,83021222.15947597,-0.1943070053034799,128058031.48329526,-0.00011855409797223437
2025-09-13,0.03519334660773721,85943016.80673236,-0.16595197248169952,132659052.07735504,-0.0007358375345316581
