code,reference,severity,detail
UNVERIFIED_EVIDENCE,OF:row:2:PAYMENT,WARNING,رویداد قابل احتساب نیست؛ اصل داده حفظ شد
UNVERIFIED_EVIDENCE,OF:row:2:SHIPMENT,WARNING,رویداد قابل احتساب نیست؛ اصل داده حفظ شد
UNVERIFIED_EVIDENCE,OF:row:2:REGISTRATION,WARNING,رویداد قابل احتساب نیست؛ اصل داده حفظ شد
UNVERIFIED_EVIDENCE,OF:row:3:PAYMENT,WARNING,رویداد قابل احتساب نیست؛ اصل داده حفظ شد
UNVERIFIED_EVIDENCE,OF:row:3:SHIPMENT,WARNING,رویداد قابل احتساب نیست؛ اصل داده حفظ شد
UNVERIFIED_EVIDENCE,OF:row:3:REGISTRATION,WARNING,رویداد قابل احتساب نیست؛ اصل داده حفظ شد
UNVERIFIED_EVIDENCE,OF:row:4:PAYMENT,WARNING,رویداد قابل احتساب نیست؛ اصل داده حفظ شد
UNVERIFIED_EVIDENCE,OF:row:4:SHIPMENT,WARNING,رویداد قابل احتساب نیست؛ اصل داده حفظ شد
UNVERIFIED_EVIDENCE,OF:row:4:REGISTRATION,WARNING,رویداد قابل احتساب نیست؛ اصل داده حفظ شد
UNVERIFIED_EVIDENCE,OF:row:5:PAYMENT,WARNING,رویداد قابل احتساب نیست؛ اصل داده حفظ شد
UNVERIFIED_EVIDENCE,OF:row:5:SHIPMENT,WARNING,رویداد قابل احتساب نیست؛ اصل داده حفظ شد
UNVERIFIED_EVIDENCE,OF:row:5:REGISTRATION,WARNING,رویداد قابل احتساب نیست؛ اصل داده حفظ شد
UNVERIFIED_EVIDENCE,OF:row:6:PAYMENT,WARNING,رویداد قابل احتساب نیست؛ اصل داده حفظ شد
MISSING_DATE,OF:row:6:SHIPMENT,WARNING,رویداد قابل احتساب نیست؛ اصل داده حفظ شد
UNVERIFIED_EVIDENCE,OF:row:6:REGISTRATION,WARNING,رویداد قابل احتساب نیست؛ اصل داده حفظ شد
UNVERIFIED_EVIDENCE,OF:row:7:PAYMENT,WARNING,رویداد قابل احتساب نیست؛ اصل داده حفظ شد
UNVERIFIED_EVIDENCE,OF:row:7:SHIPMENT,WARNING,رویداد قابل احتساب نیست؛ اصل داده حفظ شد
UNVERIFIED_EVIDENCE,OF:row:7:REGISTRATION,WARNING,رویداد قابل احتساب نیست؛ اصل داده حفظ شد
UNVERIFIED_EVIDENCE,OF:row:8:PAYMENT,WARNING,رویداد قابل احتساب نیست؛ اصل داده حفظ شد
UNVERIFIED_EVIDENCE,OF:row:8:SHIPMENT,WARNING,رویداد قابل احتساب نیست؛ اصل داده حفظ شد
UNVERIFIED_EVIDENCE,OF:row:8:REGISTRATION,WARNING,رویداد قابل احتساب نیست؛ اصل داده حفظ شد
UNVERIFIED_EVIDENCE,OF:row:9:PAYMENT,WARNING,رویداد قابل احتساب نیست؛ اصل داده حفظ شد
UNVERIFIED_EVIDENCE,OF:row:9:SHIPMENT,WARNING,رویداد قابل احتساب نیست؛ اصل داده حفظ شد
UNVERIFIED_EVIDENCE,OF:row:9:REGISTRATION,WARNING,رویداد قابل احتساب نیست؛ اصل داده حفظ شد
UNVERIFIED_EVIDENCE,OF:row:10:PAYMENT,WARNING,رویداد قابل احتساب نیست؛ اصل داده حفظ شد
UNVERIFIED_EVIDENCE,OF:row:10:SHIPMENT,WARNING,رویداد قابل احتساب نیست؛ اصل داده حفظ شد
UNVERIFIED_EVIDENCE,OF:row:10:REGISTRATION,WARNING,رویداد قابل احتساب نیست؛ اصل داده حفظ شد
UNVERIFIED_EVIDENCE,OF:row:11:PAYMENT,WARNING,رویداد قابل احتساب نیست؛ اصل داده حفظ شد
UNVERIFIED_EVIDENCE,OF:row:11:SHIPMENT,WARNING,رویداد قابل احتساب نیست؛ اصل داده حفظ شد
UNVERIFIED_EVIDENCE,OF:row:11:REGISTRATION,WARNING,رویداد قابل احتساب نیست؛ اصل داده حفظ شد
UNVERIFIED_EVIDENCE,OF:row:12:PAYMENT,WARNING,رویداد قابل احتساب نیست؛ اصل داده حفظ شد
UNVERIFIED_EVIDENCE,OF:row:12:SHIPMENT,WARNING,رویداد قابل احتساب نیست؛ اصل داده حفظ شد
UNVERIFIED_EVIDENCE,OF:row:12:REGISTRATION,WARNING,رویداد قابل احتساب نیست؛ اصل داده حفظ شد
UNVERIFIED_EVIDENCE,OF:row:13:PAYMENT,WARNING,رویداد قابل احتساب نیست؛ اصل داده حفظ شد
UNVERIFIED_EVIDENCE,OF:row:13:SHIPMENT,WARNING,رویداد قابل احتساب نیست؛ اصل داده حفظ شد
UNVERIFIED_EVIDENCE,OF:row:13:REGISTRATION,WARNING,رویداد قابل احتساب نیست؛ اصل داده حفظ شد
UNVERIFIED_EVIDENCE,OF:row:14:PAYMENT,WARNING,رویداد قابل احتساب نیست؛ اصل داده حفظ شد
MISSING_DATE,OF:row:14:SHIPMENT,WARNING,رویداد قابل احتساب نیست؛ اصل داده حفظ شد
UNVERIFIED_EVIDENCE,OF:row:14:REGISTRATION,WARNING,رویداد قابل احتساب نیست؛ اصل داده حفظ شد
UNVERIFIED_EVIDENCE,OF:row:15:PAYMENT,WARNING,رویداد قابل احتساب نیست؛ اصل داده حفظ شد
UNVERIFIED_EVIDENCE,OF:row:15:SHIPMENT,WARNING,رویداد قابل احتساب نیست؛ اصل داده حفظ شد
UNVERIFIED_EVIDENCE,OF:row:15:REGISTRATION,WARNING,رویداد قابل احتساب نیست؛ اصل داده حفظ شد
UNVERIFIED_EVIDENCE,OF:row:16:PAYMENT,WARNING,رویداد قابل احتساب نیست؛ اصل داده حفظ شد
UNVERIFIED_EVIDENCE,OF:row:16:SHIPMENT,WARNING,رویداد قابل احتساب نیست؛ اصل داده حفظ شد
UNVERIFIED_EVIDENCE,OF:row:16:REGISTRATION,WARNING,رویداد قابل احتساب نیست؛ اصل داده حفظ شد
UNVERIFIED_EVIDENCE,OF:row:17:PAYMENT,WARNING,رویداد قابل احتساب نیست؛ اصل داده حفظ شد
UNVERIFIED_EVIDENCE,OF:row:17:SHIPMENT,WARNING,رویداد قابل احتساب نیست؛ اصل داده حفظ شد
UNVERIFIED_EVIDENCE,OF:row:17:REGISTRATION,WARNING,رویداد قابل احتساب نیست؛ اصل داده حفظ شد
UNVERIFIED_EVIDENCE,OF:row:18:PAYMENT,WARNING,رویداد قابل احتساب نیست؛ اصل داده حفظ شد
UNVERIFIED_EVIDENCE,OF:row:18:SHIPMENT,WARNING,رویداد قابل احتساب نیست؛ اصل داده حفظ شد
UNVERIFIED_EVIDENCE,OF:row:18:REGISTRATION,WARNING,رویداد قابل احتساب نیست؛ اصل داده حفظ شد
UNVERIFIED_EVIDENCE,OF:row:19:PAYMENT,WARNING,رویداد قابل احتساب نیست؛ اصل داده حفظ شد
UNVERIFIED_EVIDENCE,OF:row:19:SHIPMENT,WARNING,رویداد قابل احتساب نیست؛ اصل داده حفظ شد
UNVERIFIED_EVIDENCE,OF:row:19:REGISTRATION,WARNING,رویداد قابل احتساب نیست؛ اصل داده حفظ شد
UNVERIFIED_EVIDENCE,OF:row:20:PAYMENT,WARNING,رویداد قابل احتساب نیست؛ اصل داده حفظ شد
UNVERIFIED_EVIDENCE,OF:row:20:SHIPMENT,WARNING,رویداد قابل احتساب نیست؛ اصل داده حفظ شد
UNVERIFIED_EVIDENCE,OF:row:20:REGISTRATION,WARNING,رویداد قابل احتساب نیست؛ اصل داده حفظ شد
UNVERIFIED_EVIDENCE,OF:row:21:PAYMENT,WARNING,رویداد قابل احتساب نیست؛ اصل داده حفظ شد
UNVERIFIED_EVIDENCE,OF:row:21:SHIPMENT,WARNING,رویداد قابل احتساب نیست؛ اصل داده حفظ شد
UNVERIFIED_EVIDENCE,OF:row:21:REGISTRATION,WARNING,رویداد قابل احتساب نیست؛ اصل داده حفظ شد
UNVERIFIED_EVIDENCE,OF:row:22:PAYMENT,WARNING,رویداد قابل احتساب نیست؛ اصل داده حفظ شد
UNVERIFIED_EVIDENCE,OF:row:22:SHIPMENT,WARNING,رویداد قابل احتساب نیست؛ اصل داده حفظ شد
UNVERIFIED_EVIDENCE,OF:row:22:REGISTRATION,WARNING,رویداد قابل احتساب نیست؛ اصل داده حفظ شد
